{
  "setting": {},
  "condition": {
    "miniprogram": {
      "list": [
        {
          "name": "index",
          "pathName": "pages/index/index",
          "query": "",
          "scene": null
        },
        {
          "name": "recording",
          "pathName": "pages/recording/index",
          "query": "",
          "scene": null
        },
        {
          "name": "me",
          "pathName": "pages/me/index",
          "query": "",
          "scene": null
        },
        {
          "name": "schedule",
          "pathName": "pages/schedule/index",
          "query": "",
          "scene": null
        },
        {
          "name": "link",
          "pathName": "pages/link/index",
          "query": "",
          "scene": null
        },
        {
          "name": "link-picture",
          "pathName": "pages/link-picture/index",
          "query": "",
          "scene": null
        },
        {
          "name": "camera",
          "pathName": "pages/camera/index",
          "query": "",
          "scene": null
        },
        {
          "name": "text",
          "pathName": "pages/text/index",
          "query": "",
          "scene": null
        },
        {
          "name": "",
          "pathName": "pages/village/index",
          "query": "",
          "scene": null
        },
        {
          "name": "",
          "pathName": "pages/mall/index",
          "query": "",
          "scene": null
        },
        {
          "name": "",
          "pathName": "pages/village/index",
          "query": "",
          "scene": null
        },
        {
          "name": "",
          "pathName": "pages/pay/index",
          "query": "",
          "launchMode": "default",
          "scene": null
        },
        {
          "name": "",
          "pathName": "pages/me/index",
          "query": "",
          "launchMode": "default",
          "scene": null
        },
        {
          "name": "",
          "pathName": "pages/kefu/index",
          "query": "",
          "launchMode": "default",
          "scene": null
        }
      ]
    }
  },
  "description": "项目私有配置文件。此文件中的内容将覆盖 project.config.json 中的相同字段。项目的改动优先同步到此文件中。详见文档：https://developers.weixin.qq.com/miniprogram/dev/devtools/projectconfig.html"
}